Workbook

Sheet Sheet1
A1: FORMAT LAPORAN PENDISTRIBUSIAN

Sheet 1 BUKU PENERIMAAN BARANG
A1: BUKU PENERIMAAN PERSEDIAAN
A2: BULAN JANUARI 2025
A4: Kuasa Pengguna Barang | E4: :
A5: Pengguna Barang | E5: : Kepala Dinas Pendidikan Provinsi Jawa Barat
A8: No. | B8: Dokumen | E8: Kode Barang | F8: Nama Barang | G8: Spesifikasi Barang | J8: Satuan Barang | K8: Harga Satuan (Rp) | L8: Nilai Total (Rp) | M8: Keterangan
B9: Tanggal | C9: Nomor | D9: Nama | G9: NUSP | H9: Spesifikasi Nama Barang | I9: Jumlah
B10: 45303 | C10: 001/inv/.... | D10: Cv Indotama | F10: HVS F4 | I10: 60 | J10: Rim | K10: 50000 | L10: =I10*K10 -> 3000000
A16: TOTAL | L16: =SUM(L10:L15) -> 3000000
A18: Mengetahui | H18: Cirebon, 2025
A19: Wakasek Sarpras | H19: Pembantu Pengurus Barang
I24: …......................................
A25: NIP. | I25: NIP.

Sheet 2 NPB
A7: NOTA PERMINTAAN BARANG
A8: Nomor : /NPB-APBD/I/2025
A10: Pihak yang meminta | C10: : | D10: Bidang TU
A12: NO. | B12: Nama Barang | E12: JUMLAH | F12: SATUAN BARANG | G12: KEPERLUAN | H12: KET.
B14: HVS F4 | E14: 50 | F14: RIM
G36: Cirebon, 13 Januari 2025
G37: Pemohon
G42: NAMA KOORDINATOR
G43: NIP.

Sheet 3 SPB
A1: SURAT PERMINTAAN BARANG (SPB)
A2: Nomor : 001/SPB-APBD/I/2025
A3: Dasar Permintaan :
A4: a. Nomor | C4: : 001/NPB-APBD/I/2025
A5: b. Tanggal | C5: : 13 Januari 2025
A6: c. Pihak yang meminta | C6: : Bidang Tata Usaha
A8: No. | B8: Kode Barang | C8: Nama Barang | D8: NUSP | E8: Spesifikasi Nama Barang | F8: Pengajuan Permintaan | H8: Informasi Sisa Barang persediaan | J8: Usulan Pengajuan Persetujuan | L8: Keperluan | M8: Ket.
F9: Jumlah | G9: Satuan Barang | H9: Jumlah | I9: Satuan Barang | J9: Jumlah | K9: Satuan Barang
C10: ='2 NPB'!B14 -> HVS F4 | F10: 50 | G10: RIM | H10: 60 | I10: RIM | J10: 50 | K10: RIM
C30: ='2 NPB'!B34 -> 0
F32: Cirebon, 14 Januari 2025
F33: Pembantu Pengurus Barang
H38: NAMA
H39: NIP.

Sheet 4 SPPB
A7: SURAT PERINTAH PENYALURAN BARANG (SPPB)
A8: Nomor: 001/SPPB-APBD/I/2025
A9: Dasar Penyaluran Pengeluaran Barang
A10: a. Nomor | D10: : | E10: 001/SPB-APBD/I/2025
A11: b. Tanggal | D11: : | E11: 14 Januari 2025
A12: c. Pihak Peminta | D12: : | E12: Bidang Tata Usaha
A14: No. | B14: Kode Barang | E14: Nama Barang | G14: Spesifikasi Barang | H14: Persetujuan Pengeluaran | J14: Ket.
H15: Jumlah | I15: Satuan
E16: ='3 SPB'!C10 -> HVS F4 | H16: ='3 SPB'!J10 -> 50 | I16: ='3 SPB'!K10 -> RIM
G38: Cirebon, 14 Januari 2025
E39: . | G39: Wakasek Sarpras
G44: NAMA
G45: NIP.

Sheet 5 BAST
A8: BERITA ACARA SERAH TERIMA (BAST)
A9: PENYALURAN BARANG PERSEDIAAN
A10: Nomor: 001/BAST-APBD/I/2025 | J10: 001/BAST-APBD/I/2025
A12: Pada hari ini Kamis tanggal Empat Belas bulan Januari tahun Dua Ribu Dua Puluh Lima bertempat di Gudang Cabang Dinas Pendidikan Wilayah X Provinsi Jawa Barat, yang bertandatangan di bawah ini :
A14: 1. | B14: Nama | D14: :
B15: NIP | D15: :
B16: Jabatan | D16: : Wakasek Sarpras
B17: Selanjutnya disebut PIHAK KESATU
A19: 2. | B19: Nama | D19: :
B20: NIP | D20: :
B21: Pangkat/Gol | D21: : -
B22: Dalam hal ini bertindak sebagai penerima BMD berupa barang persediaan,
B23: selanjutnya disebut PIHAK KEDUA
A25: PIHAK KESATU telah melakukan serah terima BMD pada PIHAK KEDUA berupa barang persediaan berdasarkan Surat Perintah Penyaluran Barang (SPPB) Tanggal Empat Belas Januari 2025 Nomor: 001/SPPB-APBD/I/2025 dengan rincian sebagai berikut:
A27: No. | B27: Kode Barang | D27: Nama Barang | E27: Spesifikasi Barang | F27: Jumlah | G27: Satuan | H27: Ket.
D29: ='4 SPPB'!E16 -> HVS F4 | F29: ='4 SPPB'!H16 -> 50 | G29: ='4 SPPB'!I16 -> RIM
A51: Berita Acara Serah Terima ini dibuat sebagai bukti pengeluaran barang persediaan.
B53: PIHAK KEDUA | F53: PIHAK PERTAMA
B58: NAMA | F58: NAMA
B59: NIP. | F59: NIP.

Sheet 1 BUKU PENGELUARAN
A1: BUKU PENGELUARAN PERSEDIAAN
A2: BULAN JANUARI 2025
A4: Kuasa Pengguna Barang | E4: : -
A5: Pengguna Barang | E5: : Kepala Dinas Pendidikan Provinsi Jawa Barat
A8: No. | B8: Dokumen | E8: Kode Barang | F8: Nama Barang | G8: Spesifikasi Barang | J8: Satuan Barang | K8: Harga Satuan (Rp) | L8: Nilai Total (Rp) | M8: Keterangan
B9: Tanggal | C9: Nomor | D9: Nama | G9: NUSP | H9: Spesifikasi Nama Barang | I9: Jumlah
B10: TANGGAL SPPB | C10: SPPB | D10: SPPB | F10: HVS F4 | I10: 50 | J10: RIM | K10: 50000 | L10: =I10*K10 -> 2500000
A16: TOTAL | L16: =SUM(L10:L15) -> 2500000
A18: Mengetahui | H18: Cirebon, 2025
A19: Wakasek Sarpras | H19: Pembantu Pengurus Barang
I24: …......................................
A25: NIP. | I25: NIP.

Sheet 6 KARTU BARANG PERSEDIAAN
A1: KARTU BARANG PERSEDIAAN
A3: Kode Barang | B3: :
A4: Nama Barang | B4: =":"&" "&O9 -> : | E4: HVS F4
A5: Satuan Barang | B5: =":"&" "&VLOOKUP(O9,#REF!,7,0) -> #REF! | E5: RIM
A8: Tanggal | B8: TGL NO BAST | D8: Uraian | E8: Masuk | H8: Keluar | K8: Sisa/Saldo Barang Tersedia
E9: Jumlah | F9: Harga Satuan | G9: Total (Rp) | H9: Jumlah | I9: Harga Satuan | J9: Total (Rp) | K9: Jumlah | L9: Harga Satuan | M9: Total (Rp)
A10: PENERIMAAN | E10: 60 | F10: 50000 | G10: =E10*F10 -> 3000000 | K10: =E10 -> 60 | L10: =F10 -> 50000 | M10: =G10 -> 3000000
A11: BAST PENYALURAN | H11: 50 | I11: =F10 -> 50000 | J11: =H11*I11 -> 2500000 | K11: =K10-H11 -> 10 | L11: =L10 -> 50000 | M11: =L11*K11 -> 500000
A12: TUTUP BUKU | K12: =K11-H12 -> 10 | L12: =L11 -> 50000 | M12: =L12*K12 -> 500000
A18: Mengetahui | J18: Cirebon, 31 Januari 2025
A19: Wakasek Sarpras | K19: Pembantu Pengurus Barang
A25: NAMA | K25: NAMA
A26: NIP. | B26: NIP. 19761202 200312 1 004 | K26: NIP.

Sheet 7 BUKU PENYALURAN
A1: BUKU PENYALURAN PERSEDIAAN
A2: BULAN JANUARI 2025
A4: Kuasa Pengguna Barang
A5: Pengguna Barang | C5: : Kepala Dinas Pendidikan Provinsi Jawa Barat
A8: No. | B8: BAST | D8: KODE BARANG | E8: Nama Barang | F8: SPESIFIKASI BARANG | H8: JUMLAH | I8: Harga Satuan (Rp) | J8: Nilai Total (Rp) | K8: SPPB | M8: PENERIMA | N8: KETERANGAN
B9: Tanggal | C9: NOMOR | F9: NUSP | G9: SPESIFIKASI NAMA BARANG | K9: TANGGAL | L9: NOMOR
B11: BAST SALUR | C11: BAST SALUR | E11: HVS F4 | H11: 50 | I11: 50000 | J11: =H11*I11 -> 2500000 | K11: SPPB | L11: SPPB | M11: BIDANG TU
A22: Mengetahui | F22: Cirebon, 31 Januari 2025
A23: Wakasek Sarpras | F23: Pembantu Pengurus Barang
A28: NAMA | I28: NAMA
A29: NIP. | I29: NIP.

Sheet 2 NPB BIDANG
A7: NOTA PERMINTAAN BARANG
A8: Nomor : /NPB-APBD/I/2025
A10: Pihak yang meminta | C10: : | D10: Bidang SMA/SMK
A12: NO. | B12: Nama Barang | E12: JUMLAH | F12: SATUAN BARANG | G12: KEPERLUAN | H12: KET. | J12: CETAK
B14: =#REF! -> #REF! | E14: =_xlfn.IFNA(VLOOKUP(K14,#REF!,6,0),0) -> #REF! | F14: =VLOOKUP(B14,#REF!,7,0) -> #REF! | J14: =IF(E14>0,"PRINT","NOPRINT") -> #REF! | K14: =B14&$D$10 -> #REF!
B15: =#REF! -> #REF! | E15: =_xlfn.IFNA(VLOOKUP(K15,#REF!,6,0),0) -> #REF! | F15: =VLOOKUP(B15,#REF!,7,0) -> #REF! | J15: =IF(E15>0,"PRINT","NOPRINT") -> #REF! | K15: =B15&$D$10 -> #REF!
B16: =#REF! -> #REF! | E16: =_xlfn.IFNA(VLOOKUP(K16,#REF!,6,0),0) -> #REF! | F16: =VLOOKUP(B16,#REF!,7,0) -> #REF! | J16: =IF(E16>0,"PRINT","NOPRINT") -> #REF! | K16: =B16&$D$10 -> #REF!
B17: =#REF! -> #REF! | E17: =_xlfn.IFNA(VLOOKUP(K17,#REF!,6,0),0) -> #REF! | F17: =VLOOKUP(B17,#REF!,7,0) -> #REF! | J17: =IF(E17>0,"PRINT","NOPRINT") -> #REF! | K17: =B17&$D$10 -> #REF!
B18: =#REF! -> #REF! | E18: =_xlfn.IFNA(VLOOKUP(K18,#REF!,6,0),0) -> #REF! | F18: =VLOOKUP(B18,#REF!,7,0) -> #REF! | J18: =IF(E18>0,"PRINT","NOPRINT") -> #REF! | K18: =B18&$D$10 -> #REF!
B19: =#REF! -> #REF! | E19: =_xlfn.IFNA(VLOOKUP(K19,#REF!,6,0),0) -> #REF! | F19: =VLOOKUP(B19,#REF!,7,0) -> #REF! | J19: =IF(E19>0,"PRINT","NOPRINT") -> #REF! | K19: =B19&$D$10 -> #REF!
B20: =#REF! -> #REF! | E20: =_xlfn.IFNA(VLOOKUP(K20,#REF!,6,0),0) -> #REF! | F20: =VLOOKUP(B20,#REF!,7,0) -> #REF! | J20: =IF(E20>0,"PRINT","NOPRINT") -> #REF! | K20: =B20&$D$10 -> #REF!
B21: =#REF! -> #REF! | E21: =_xlfn.IFNA(VLOOKUP(K21,#REF!,6,0),0) -> #REF! | F21: =VLOOKUP(B21,#REF!,7,0) -> #REF! | J21: =IF(E21>0,"PRINT","NOPRINT") -> #REF! | K21: =B21&$D$10 -> #REF!
B22: =#REF! -> #REF! | E22: =_xlfn.IFNA(VLOOKUP(K22,#REF!,6,0),0) -> #REF! | F22: =VLOOKUP(B22,#REF!,7,0) -> #REF! | J22: =IF(E22>0,"PRINT","NOPRINT") -> #REF! | K22: =B22&$D$10 -> #REF!
B23: =#REF! -> #REF! | E23: =_xlfn.IFNA(VLOOKUP(K23,#REF!,6,0),0) -> #REF! | F23: =VLOOKUP(B23,#REF!,7,0) -> #REF! | J23: =IF(E23>0,"PRINT","NOPRINT") -> #REF! | K23: =B23&$D$10 -> #REF!
B24: =#REF! -> #REF! | E24: =_xlfn.IFNA(VLOOKUP(K24,#REF!,6,0),0) -> #REF! | F24: =VLOOKUP(B24,#REF!,7,0) -> #REF! | J24: =IF(E24>0,"PRINT","NOPRINT") -> #REF! | K24: =B24&$D$10 -> #REF!
B25: =#REF! -> #REF! | E25: =_xlfn.IFNA(VLOOKUP(K25,#REF!,6,0),0) -> #REF! | F25: =VLOOKUP(B25,#REF!,7,0) -> #REF! | J25: =IF(E25>0,"PRINT","NOPRINT") -> #REF! | K25: =B25&$D$10 -> #REF!
... B34: =#REF! -> #REF! | E34: =_xlfn.IFNA(VLOOKUP(K34,#REF!,6,0),0) -> #REF! | F34: =VLOOKUP(B34,#REF!,7,0) -> #REF! | J34: =IF(E34>0,"PRINT","NOPRINT") -> #REF! | K34: =B34&$D$10 -> #REF!
G36: Cirebon, Januari 2025
G37: Pemohon
G42: UUN, S.E
G43: NIP. 19800706 200701 2 011

Sheet 2 SPB BIDANG
A1: SURAT PERMINTAAN BARANG (SPB)
A2: Nomor : 002/SPB-APBD/I/2025
A3: Dasar Permintaan :
A4: a. Nomor | C4: : 002/NPB-APBD/I/2025
A5: b. Tanggal | C5: : 8 Januari 2025
A6: c. Pihak yang meminta | C6: : Bidang SMA/SMK
A8: No. | B8: Kode Barang | C8: Nama Barang | D8: NUSP | E8: Spesifikasi Nama Barang | F8: Pengajuan Permintaan | H8: Informasi Sisa Barang persediaan | J8: Usulan Pengajuan Persetujuan | L8: Keperluan | M8: Ket. | N8: CETAK
F9: Jumlah | G9: Satuan Barang | H9: Jumlah | I9: Satuan Barang | J9: Jumlah | K9: Satuan Barang
C10: ='2 NPB'!B14 -> HVS F4 | F10: =VLOOKUP(C10,#REF!,4,0) -> #REF! | G10: =VLOOKUP(C10,#REF!,7,0) -> #REF! | H10: =VLOOKUP(C10,#REF!,2,0)-#REF! -> #REF! | I10: =VLOOKUP(C10,#REF!,7,0) -> #REF! | J10: =F10 -> #REF! | K10: =G10 -> #REF! | N10: =IF(F10>0,"PRINT","NOPRINT") -> #REF!
C11: ='2 NPB'!B15 -> 0 | F11: =VLOOKUP(C11,#REF!,4,0) -> #REF! | G11: =VLOOKUP(C11,#REF!,7,0) -> #REF! | H11: =VLOOKUP(C11,#REF!,2,0)-#REF! -> #REF! | I11: =VLOOKUP(C11,#REF!,7,0) -> #REF! | J11: =F11 -> #REF! | K11: =G11 -> #REF! | N11: =IF(F11>0,"PRINT","NOPRINT") -> #REF!
C12: ='2 NPB'!B16 -> 0 | F12: =VLOOKUP(C12,#REF!,4,0) -> #REF! | G12: =VLOOKUP(C12,#REF!,7,0) -> #REF! | H12: =VLOOKUP(C12,#REF!,2,0)-#REF! -> #REF! | I12: =VLOOKUP(C12,#REF!,7,0) -> #REF! | J12: =F12 -> #REF! | K12: =G12 -> #REF! | N12: =IF(F12>0,"PRINT","NOPRINT") -> #REF!
C13: ='2 NPB'!B17 -> 0 | F13: =VLOOKUP(C13,#REF!,4,0) -> #REF! | G13: =VLOOKUP(C13,#REF!,7,0) -> #REF! | H13: =VLOOKUP(C13,#REF!,2,0)-#REF! -> #REF! | I13: =VLOOKUP(C13,#REF!,7,0) -> #REF! | J13: =F13 -> #REF! | K13: =G13 -> #REF! | N13: =IF(F13>0,"PRINT","NOPRINT") -> #REF!
C14: ='2 NPB'!B18 -> 0 | F14: =VLOOKUP(C14,#REF!,4,0) -> #REF! | G14: =VLOOKUP(C14,#REF!,7,0) -> #REF! | H14: =VLOOKUP(C14,#REF!,2,0)-#REF! -> #REF! | I14: =VLOOKUP(C14,#REF!,7,0) -> #REF! | J14: =F14 -> #REF! | K14: =G14 -> #REF! | N14: =IF(F14>0,"PRINT","NOPRINT") -> #REF!
C15: ='2 NPB'!B19 -> 0 | F15: =VLOOKUP(C15,#REF!,4,0) -> #REF! | G15: =VLOOKUP(C15,#REF!,7,0) -> #REF! | H15: =VLOOKUP(C15,#REF!,2,0)-#REF! -> #REF! | I15: =VLOOKUP(C15,#REF!,7,0) -> #REF! | J15: =F15 -> #REF! | K15: =G15 -> #REF! | N15: =IF(F15>0,"PRINT","NOPRINT") -> #REF!
C16: ='2 NPB'!B20 -> 0 | F16: =VLOOKUP(C16,#REF!,4,0) -> #REF! | G16: =VLOOKUP(C16,#REF!,7,0) -> #REF! | H16: =VLOOKUP(C16,#REF!,2,0)-#REF! -> #REF! | I16: =VLOOKUP(C16,#REF!,7,0) -> #REF! | J16: =F16 -> #REF! | K16: =G16 -> #REF! | N16: =IF(F16>0,"PRINT","NOPRINT") -> #REF!
C17: ='2 NPB'!B21 -> 0 | F17: =VLOOKUP(C17,#REF!,4,0) -> #REF! | G17: =VLOOKUP(C17,#REF!,7,0) -> #REF! | H17: =VLOOKUP(C17,#REF!,2,0)-#REF! -> #REF! | I17: =VLOOKUP(C17,#REF!,7,0) -> #REF! | J17: =F17 -> #REF! | K17: =G17 -> #REF! | N17: =IF(F17>0,"PRINT","NOPRINT") -> #REF!
C18: ='2 NPB'!B22 -> 0 | F18: =VLOOKUP(C18,#REF!,4,0) -> #REF! | G18: =VLOOKUP(C18,#REF!,7,0) -> #REF! | H18: =VLOOKUP(C18,#REF!,2,0)-#REF! -> #REF! | I18: =VLOOKUP(C18,#REF!,7,0) -> #REF! | J18: =F18 -> #REF! | K18: =G18 -> #REF! | N18: =IF(F18>0,"PRINT","NOPRINT") -> #REF!
C19: ='2 NPB'!B23 -> 0 | F19: =VLOOKUP(C19,#REF!,4,0) -> #REF! | G19: =VLOOKUP(C19,#REF!,7,0) -> #REF! | H19: =VLOOKUP(C19,#REF!,2,0)-#REF! -> #REF! | I19: =VLOOKUP(C19,#REF!,7,0) -> #REF! | J19: =F19 -> #REF! | K19: =G19 -> #REF! | N19: =IF(F19>0,"PRINT","NOPRINT") -> #REF!
C20: ='2 NPB'!B24 -> 0 | F20: =VLOOKUP(C20,#REF!,4,0) -> #REF! | G20: =VLOOKUP(C20,#REF!,7,0) -> #REF! | H20: =VLOOKUP(C20,#REF!,2,0)-#REF! -> #REF! | I20: =VLOOKUP(C20,#REF!,7,0) -> #REF! | J20: =F20 -> #REF! | K20: =G20 -> #REF! | N20: =IF(F20>0,"PRINT","NOPRINT") -> #REF!
C21: ='2 NPB'!B25 -> 0 | F21: =VLOOKUP(C21,#REF!,4,0) -> #REF! | G21: =VLOOKUP(C21,#REF!,7,0) -> #REF! | H21: =VLOOKUP(C21,#REF!,2,0)-#REF! -> #REF! | I21: =VLOOKUP(C21,#REF!,7,0) -> #REF! | J21: =F21 -> #REF! | K21: =G21 -> #REF! | N21: =IF(F21>0,"PRINT","NOPRINT") -> #REF!
... C30: ='2 NPB'!B34 -> 0 | F30: =VLOOKUP(C30,#REF!,4,0) -> #REF! | G30: =VLOOKUP(C30,#REF!,7,0) -> #REF! | H30: =VLOOKUP(C30,#REF!,2,0)-#REF! -> #REF! | I30: =VLOOKUP(C30,#REF!,7,0) -> #REF! | J30: =F30 -> #REF! | K30: =G30 -> #REF! | N30: =IF(F30>0,"PRINT","NOPRINT") -> #REF!
F32: Cirebon, 9 Januari 2025
F33: Pengurus Barang Pembantu
H38: PEPEN APANDI
H39: NIP. 19800101 200701 1 012

Sheet 2 SPPB BIDANG
A7: SURAT PERINTAH PENYALURAN BARANG (SPPB)
A8: Nomor: 002/SPPB-APBD/I/2025
A9: Dasar Penyaluran Pengeluaran Barang
A10: a. Nomor | D10: : 002/SPB-APBD/I/2025
A11: b. Tanggal | D11: : 9 Januari 2025
A12: c. Pihak Peminta | D12: : Bidang SMA/SMK
A14: No. | B14: Kode Barang | D14: Nama Barang | F14: Spesifikasi Barang | G14: Persetujuan Pengeluaran | I14: Ket. | J14: CETAK
G15: Jumlah | H15: Satuan
D16: ='3 SPB'!C10 -> HVS F4 | G16: ='2 SPB BIDANG'!J10 -> #REF! | H16: ='2 SPB BIDANG'!K10 -> #REF! | J16: =IF(G16>0,"PRINT","NOPRINT") -> #REF!
D17: ='3 SPB'!C11 -> 0 | G17: ='2 SPB BIDANG'!J11 -> #REF! | H17: ='2 SPB BIDANG'!K11 -> #REF! | J17: =IF(G17>0,"PRINT","NOPRINT") -> #REF!
D18: ='3 SPB'!C12 -> 0 | G18: ='2 SPB BIDANG'!J12 -> #REF! | H18: ='2 SPB BIDANG'!K12 -> #REF! | J18: =IF(G18>0,"PRINT","NOPRINT") -> #REF!
D19: ='3 SPB'!C13 -> 0 | G19: ='2 SPB BIDANG'!J13 -> #REF! | H19: ='2 SPB BIDANG'!K13 -> #REF! | J19: =IF(G19>0,"PRINT","NOPRINT") -> #REF!
D20: ='3 SPB'!C14 -> 0 | G20: ='2 SPB BIDANG'!J14 -> #REF! | H20: ='2 SPB BIDANG'!K14 -> #REF! | J20: =IF(G20>0,"PRINT","NOPRINT") -> #REF!
D21: ='3 SPB'!C15 -> 0 | G21: ='2 SPB BIDANG'!J15 -> #REF! | H21: ='2 SPB BIDANG'!K15 -> #REF! | J21: =IF(G21>0,"PRINT","NOPRINT") -> #REF!
D22: ='3 SPB'!C16 -> 0 | G22: ='2 SPB BIDANG'!J16 -> #REF! | H22: ='2 SPB BIDANG'!K16 -> #REF! | J22: =IF(G22>0,"PRINT","NOPRINT") -> #REF!
D23: ='3 SPB'!C17 -> 0 | G23: ='2 SPB BIDANG'!J17 -> #REF! | H23: ='2 SPB BIDANG'!K17 -> #REF! | J23: =IF(G23>0,"PRINT","NOPRINT") -> #REF!
D24: ='3 SPB'!C18 -> 0 | G24: ='2 SPB BIDANG'!J18 -> #REF! | H24: ='2 SPB BIDANG'!K18 -> #REF! | J24: =IF(G24>0,"PRINT","NOPRINT") -> #REF!
D25: ='3 SPB'!C19 -> 0 | G25: ='2 SPB BIDANG'!J19 -> #REF! | H25: ='2 SPB BIDANG'!K19 -> #REF! | J25: =IF(G25>0,"PRINT","NOPRINT") -> #REF!
D26: ='3 SPB'!C20 -> 0 | G26: ='2 SPB BIDANG'!J20 -> #REF! | H26: ='2 SPB BIDANG'!K20 -> #REF! | J26: =IF(G26>0,"PRINT","NOPRINT") -> #REF!
D27: ='3 SPB'!C21 -> 0 | G27: ='2 SPB BIDANG'!J21 -> #REF! | H27: ='2 SPB BIDANG'!K21 -> #REF! | J27: =IF(G27>0,"PRINT","NOPRINT") -> #REF!
... D36: ='3 SPB'!C30 -> 0 | G36: ='2 SPB BIDANG'!J30 -> #REF! | H36: ='2 SPB BIDANG'!K30 -> #REF! | J36: =IF(G36>0,"PRINT","NOPRINT") -> #REF!
F38: Cirebon, 9 Januari 2025
D39: . | F39: Kepala sub. Bagian Tata Usaha,
F44: HERMAN HADI SANTOSO, S.P, M.M
F45: Pembina Tk. I
F46: NIP. 19761202 200312 1 004

Sheet 2 BAST BIDANG
A8: BERITA ACARA SERAH TERIMA (BAST)
A9: PENYALURAN BARANG PERSEDIAAN
A10: Nomor: 002/BAST-APBD/I/2025
A11: Pada hari ini Kamis tanggal Sembilan bulan Januari tahun Dua Ribu Dua Puluh Lima bertempat di Gudang Cabang Dinas Pendidikan Wilayah X Provinsi Jawa Barat, yang bertandatangan di bawah ini :
A13: 1. | B13: Nama | D13: : HERMAN HADI SANTOSO, S.P., M.M
B14: NIP | D14: : 19761202 200312 1 004
B15: Jabatan | D15: : Kepala Sub. Bagian Tata Usaha
B16: Selanjutnya disebut PIHAK KESATU
A18: 2. | B18: Nama | D18: : UUN, S.E
B19: NIP | D19: : 19800706 200701 2 011
B20: Pangkat/Gol | D20: : Penata, III/c
B21: Dalam hal ini bertindak sebagai penerima BMD berupa barang persediaan,
B22: selanjutnya disebut PIHAK KEDUA
A24: PIHAK KESATU telah melakukan serah terima BMD pada PIHAK KEDUA berupa barang persediaan berdasarkan Surat Perintah Penyaluran Barang (SPPB) Tanggal Sembilan Januari 2025 Nomor: 001/SPPB-APBD/I/2025 dengan rincian sebagai berikut:
A26: No. | B26: Kode Barang | D26: Nama Barang | E26: Spesifikasi Barang | F26: Jumlah | G26: Satuan | H26: Ket. | J26: CETAK
D28: ='4 SPPB'!E16 -> HVS F4 | F28: ='2 SPPB BIDANG'!G16 -> #REF! | G28: ='2 SPPB BIDANG'!H16 -> #REF! | J28: =IF(F28>0,"PRINT","NOPRINT") -> #REF!
D29: ='4 SPPB'!E17 -> 0 | F29: ='2 SPPB BIDANG'!G17 -> #REF! | G29: ='2 SPPB BIDANG'!H17 -> #REF! | J29: =IF(F29>0,"PRINT","NOPRINT") -> #REF!
D30: ='4 SPPB'!E18 -> 0 | F30: ='2 SPPB BIDANG'!G18 -> #REF! | G30: ='2 SPPB BIDANG'!H18 -> #REF! | J30: =IF(F30>0,"PRINT","NOPRINT") -> #REF!
D31: ='4 SPPB'!E19 -> 0 | F31: ='2 SPPB BIDANG'!G19 -> #REF! | G31: ='2 SPPB BIDANG'!H19 -> #REF! | J31: =IF(F31>0,"PRINT","NOPRINT") -> #REF!
D32: ='4 SPPB'!E20 -> 0 | F32: ='2 SPPB BIDANG'!G20 -> #REF! | G32: ='2 SPPB BIDANG'!H20 -> #REF! | J32: =IF(F32>0,"PRINT","NOPRINT") -> #REF!
D33: ='4 SPPB'!E21 -> 0 | F33: ='2 SPPB BIDANG'!G21 -> #REF! | G33: ='2 SPPB BIDANG'!H21 -> #REF! | J33: =IF(F33>0,"PRINT","NOPRINT") -> #REF!
D34: ='4 SPPB'!E22 -> 0 | F34: ='2 SPPB BIDANG'!G22 -> #REF! | G34: ='2 SPPB BIDANG'!H22 -> #REF! | J34: =IF(F34>0,"PRINT","NOPRINT") -> #REF!
D35: ='4 SPPB'!E23 -> 0 | F35: ='2 SPPB BIDANG'!G23 -> #REF! | G35: ='2 SPPB BIDANG'!H23 -> #REF! | J35: =IF(F35>0,"PRINT","NOPRINT") -> #REF!
D36: ='4 SPPB'!E24 -> 0 | F36: ='2 SPPB BIDANG'!G24 -> #REF! | G36: ='2 SPPB BIDANG'!H24 -> #REF! | J36: =IF(F36>0,"PRINT","NOPRINT") -> #REF!
D37: ='4 SPPB'!E25 -> 0 | F37: ='2 SPPB BIDANG'!G25 -> #REF! | G37: ='2 SPPB BIDANG'!H25 -> #REF! | J37: =IF(F37>0,"PRINT","NOPRINT") -> #REF!
D38: ='4 SPPB'!E26 -> 0 | F38: ='2 SPPB BIDANG'!G26 -> #REF! | G38: ='2 SPPB BIDANG'!H26 -> #REF! | J38: =IF(F38>0,"PRINT","NOPRINT") -> #REF!
D39: ='4 SPPB'!E27 -> 0 | F39: ='2 SPPB BIDANG'!G27 -> #REF! | G39: ='2 SPPB BIDANG'!H27 -> #REF! | J39: =IF(F39>0,"PRINT","NOPRINT") -> #REF!
... D48: ='4 SPPB'!E36 -> 0 | F48: ='2 SPPB BIDANG'!G36 -> #REF! | G48: ='2 SPPB BIDANG'!H36 -> #REF! | J48: =IF(F48>0,"PRINT","NOPRINT") -> #REF!
A50: Berita Acara Serah Terima ini dibuat sebagai bukti pengeluaran barang persediaan.
B53: PIHAK KEDUA | F53: PIHAK PERTAMA
B58: UUN, S.E | F58: HERMAN HADI SANTOSO, S.P., M.M
B59: NIP. 19800706 200701 2 011 | F59: NIP. 19761202 200312 1 004

Sheet 8 STCK OPN
A7: BERITA ACARA INVENTARISASI FISIK PERSEDIAAN (STOCK OPNAME)
A8: Nomor:
A10: Pada hari ini Jumat tanggal Tiga Puluh Satu bulan Januari tahun Dua Ribu Dua Puluh Lima bertempat di Gudang Cabang Dinas Pendidikan Wilayah X Provinsi Jawa Barat, yang bertandatangan di bawah ini :
A13: 1. | B13: Nama | C13: :
B14: NIP | C14: :
B15: Pangkat/Gol. | C15: :
B16: Jabatan | C16: : | D16: Kepala Sekolah
A18: 2. | B18: Nama | C18: :
B19: NIP | C19: :
B20: Pangkat/Gol | C20: :
B21: Jabatan | C21: : | D21: Wakasek Sarpras
A23: 2. | B23: Nama | C23: :
B24: NIP | C24: :
B25: Pangkat/Gol | C25: :
B26: Jabatan | C26: : | D26: Pembantu Pengurus Barang
A28: Telah melakukan pemeriksaan fisik berupa barang persediaan pada Cabang Dinas Pendidikan Wilayah X sebagai berikut:
A30: No. | B30: Kode Barang | D30: Nama Barang | E30: Jumlah | F30: Nilai (RP.) | G30: Ket.
D32: HVS F4 | E32: 10 | F32: 500000
A40: Jumlah | F40: =SUM(F32:F39) -> 500000
A42: Wakasek Sarpras | F42: Pembantu Pengurus Barang
A47: NAMA | F47: NAMA
A48: NIP. | F48: NIP.
D50: Mengetahui,
D51: Kepala Sekolah SMA/SMK/SLB Negeri
D56: NAMA
D57: NIP.

Sheet 9 LAMPIRAN
A1: Nama Barang | C1: :
A2: Satuan Barang | C2: :
A3: Bulan Persedian | C3: :
A5: NO | B5: TANGGAL | D5: SATUAN | E5: JUMLAH SATUAN | F5: NAMA PENGAMBIL | G5: PARAF | H5: KET
A6: 1 | B6: 45658 | D6: Rim | E6: 2 | F6: Amad
A7: =A6+1 -> 2 | B7: 45658 | D7: Rim | E7: 4 | F7: Dafi
A8: =A7+1 -> 3 | B8: 45658 | D8: Rim | E8: 4 | F8: Enzi
A9: =A8+1 -> 4 | B9: 45658 | D9: Rim | E9: 3 | F9: Rezky
A10: =A9+1 -> 5 | B10: 45658 | D10: Rim | E10: 2 | F10: Aminu
A11: =A10+1 -> 6 | B11: 45658 | D11: Rim | E11: 1 | F11: Jardi
A12: =A11+1 -> 7 | B12: 45658 | D12: Rim | E12: 1 | F12: …...
A13: =A12+1 -> 8 | B13: 45658 | D13: Rim | E13: 1 | F13: …...
A14: =A13+1 -> 9 | B14: 45658 | D14: Rim | E14: 2 | F14: …...
A15: =A14+1 -> 10 | B15: 45658 | D15: Rim | E15: 3 | F15: …...
A16: =A15+1 -> 11 | B16: 45658 | D16: Rim | E16: 4 | F16: …...
A17: =A16+1 -> 12 | B17: 45658 | D17: Rim | E17: 3 | F17: …...
A18: =A17+1 -> 13 | B18: 45658 | D18: Rim | E18: 2 | F18: …...
... A23: =A22+1 -> 18 | B23: 45658 | D23: Rim | E23: 2 | F23: …...
A24: =A23+1 -> 19
A25: =A24+1 -> 20
A26: =A25+1 -> 21
A27: =A26+1 -> 22
A28: =A27+1 -> 23
A29: =A28+1 -> 24
A30: =A29+1 -> 25
G32: Cirebon, 2025
G33: Pembantu Pengurus Barang,
G38: ….................................
G39: NIP
